{
  "user_count": 30,
  "relationship_edge_count": 88,
  "network_density_ratio": 0.10114942528735632,
  "network_density_percent": 10.114942528735632
}